-- phpMyAdmin SQL Dump
-- version 4.7.4
-- https://www.phpmyadmin.net/
--
-- Host: 127.0.0.1
-- Generation Time: Feb 17, 2018 at 05:43 PM
-- Server version: 10.1.30-MariaDB
-- PHP Version: 7.2.1

SET SQL_MODE = "NO_AUTO_VALUE_ON_ZERO";
SET AUTOCOMMIT = 0;
START TRANSACTION;
SET time_zone = "+00:00";


/*!40101 SET @OLD_CHARACTER_SET_CLIENT=@@CHARACTER_SET_CLIENT */;
/*!40101 SET @OLD_CHARACTER_SET_RESULTS=@@CHARACTER_SET_RESULTS */;
/*!40101 SET @OLD_COLLATION_CONNECTION=@@COLLATION_CONNECTION */;
/*!40101 SET NAMES utf8mb4 */;

--
-- Database: `curso_spring`
--

-- --------------------------------------------------------

--
-- Table structure for table `categoria`
--

CREATE TABLE `categoria` (
  `id` int(11) NOT NULL,
  `nome` varchar(255) DEFAULT NULL
) ENGINE=InnoDB DEFAULT CHARSET=latin1;

--
-- Dumping data for table `categoria`
--

INSERT INTO `categoria` (`id`, `nome`) VALUES
(1, 'Informática'),
(2, 'Escritório'),
(3, 'Cama mesa e banho'),
(4, 'Eletrônico'),
(5, 'Jardinagem'),
(6, 'Decoração'),
(7, 'Perfumaria');

-- --------------------------------------------------------

--
-- Table structure for table `cidade`
--

CREATE TABLE `cidade` (
  `id` int(11) NOT NULL,
  `nome` varchar(255) DEFAULT NULL,
  `estado_id` int(11) DEFAULT NULL
) ENGINE=InnoDB DEFAULT CHARSET=latin1;

--
-- Dumping data for table `cidade`
--

INSERT INTO `cidade` (`id`, `nome`, `estado_id`) VALUES
(1, 'Uberlândia', 1),
(2, 'São Paulo', 2),
(3, 'Campinas', 2);

-- --------------------------------------------------------

--
-- Table structure for table `cliente`
--

CREATE TABLE `cliente` (
  `id` int(11) NOT NULL,
  `cpf_ou_cnpj` varchar(255) DEFAULT NULL,
  `email` varchar(255) DEFAULT NULL,
  `nome` varchar(255) DEFAULT NULL,
  `tipo` int(11) DEFAULT NULL
) ENGINE=InnoDB DEFAULT CHARSET=latin1;

--
-- Dumping data for table `cliente`
--

INSERT INTO `cliente` (`id`, `cpf_ou_cnpj`, `email`, `nome`, `tipo`) VALUES
(1, '36378912377', 'maria@gmail.com', 'Maria Silva', 1);

-- --------------------------------------------------------

--
-- Table structure for table `endereco`
--

CREATE TABLE `endereco` (
  `id` int(11) NOT NULL,
  `bairro` varchar(255) DEFAULT NULL,
  `cep` varchar(255) DEFAULT NULL,
  `complemento` varchar(255) DEFAULT NULL,
  `logradouro` varchar(255) DEFAULT NULL,
  `numero` varchar(255) DEFAULT NULL,
  `cidade_id` int(11) DEFAULT NULL,
  `cliente_id` int(11) DEFAULT NULL
) ENGINE=InnoDB DEFAULT CHARSET=latin1;

--
-- Dumping data for table `endereco`
--

INSERT INTO `endereco` (`id`, `bairro`, `cep`, `complemento`, `logradouro`, `numero`, `cidade_id`, `cliente_id`) VALUES
(1, 'Jardim', '38220834', 'Apto 203', 'Rua Flores', '300', 1, 1),
(2, 'Centro', '38777012', 'Sala 800', 'Avenida Matos', '105', 2, 1);

-- --------------------------------------------------------

--
-- Table structure for table `estado`
--

CREATE TABLE `estado` (
  `id` int(11) NOT NULL,
  `nome` varchar(255) DEFAULT NULL
) ENGINE=InnoDB DEFAULT CHARSET=latin1;

--
-- Dumping data for table `estado`
--

INSERT INTO `estado` (`id`, `nome`) VALUES
(1, 'Minas Gerais'),
(2, 'São Paulo');

-- --------------------------------------------------------

--
-- Table structure for table `item_pedido`
--

CREATE TABLE `item_pedido` (
  `desconto` double DEFAULT NULL,
  `preco` double DEFAULT NULL,
  `quantidade` int(11) DEFAULT NULL,
  `pedido_id` int(11) NOT NULL,
  `produto_id` int(11) NOT NULL
) ENGINE=InnoDB DEFAULT CHARSET=latin1;

--
-- Dumping data for table `item_pedido`
--

INSERT INTO `item_pedido` (`desconto`, `preco`, `quantidade`, `pedido_id`, `produto_id`) VALUES
(0, 2000, 1, 1, 1),
(0, 80, 2, 1, 3),
(100, 800, 1, 2, 2),
(0, 2000, 1, 3, 1),
(0, 80, 2, 3, 3);

-- --------------------------------------------------------

--
-- Table structure for table `pagamento`
--

CREATE TABLE `pagamento` (
  `pedido_id` int(11) NOT NULL,
  `estado` int(11) DEFAULT NULL
) ENGINE=InnoDB DEFAULT CHARSET=latin1;

--
-- Dumping data for table `pagamento`
--

INSERT INTO `pagamento` (`pedido_id`, `estado`) VALUES
(1, 2),
(2, 1),
(3, 1);

-- --------------------------------------------------------

--
-- Table structure for table `pagamento_com_boleto`
--

CREATE TABLE `pagamento_com_boleto` (
  `data_pagamento` datetime DEFAULT NULL,
  `data_vencimento` datetime DEFAULT NULL,
  `pedido_id` int(11) NOT NULL
) ENGINE=InnoDB DEFAULT CHARSET=latin1;

--
-- Dumping data for table `pagamento_com_boleto`
--

INSERT INTO `pagamento_com_boleto` (`data_pagamento`, `data_vencimento`, `pedido_id`) VALUES
(NULL, '2017-10-20 00:00:00', 2);

-- --------------------------------------------------------

--
-- Table structure for table `pagamento_com_cartao`
--

CREATE TABLE `pagamento_com_cartao` (
  `numero_de_parcelas` int(11) DEFAULT NULL,
  `pedido_id` int(11) NOT NULL
) ENGINE=InnoDB DEFAULT CHARSET=latin1;

--
-- Dumping data for table `pagamento_com_cartao`
--

INSERT INTO `pagamento_com_cartao` (`numero_de_parcelas`, `pedido_id`) VALUES
(6, 1),
(10, 3);

-- --------------------------------------------------------

--
-- Table structure for table `pedido`
--

CREATE TABLE `pedido` (
  `id` int(11) NOT NULL,
  `instante` datetime DEFAULT NULL,
  `cliente_id` int(11) DEFAULT NULL,
  `endereco_de_entrega_id` int(11) DEFAULT NULL
) ENGINE=InnoDB DEFAULT CHARSET=latin1;

--
-- Dumping data for table `pedido`
--

INSERT INTO `pedido` (`id`, `instante`, `cliente_id`, `endereco_de_entrega_id`) VALUES
(1, '2017-09-30 10:32:00', 1, 1),
(2, '2017-10-10 19:35:00', 1, 2),
(3, '2018-02-16 22:47:27', 1, 1);

-- --------------------------------------------------------

--
-- Table structure for table `produto`
--

CREATE TABLE `produto` (
  `id` int(11) NOT NULL,
  `nome` varchar(255) DEFAULT NULL,
  `preco` double NOT NULL
) ENGINE=InnoDB DEFAULT CHARSET=latin1;

--
-- Dumping data for table `produto`
--

INSERT INTO `produto` (`id`, `nome`, `preco`) VALUES
(1, 'Computador', 2000),
(2, 'Impressora', 800),
(3, 'Mouse', 80),
(4, 'Mesa de escritório', 300),
(5, 'Toalha', 50),
(6, 'Colcha', 200),
(7, 'TV true color', 1200),
(8, 'Roçadeira', 800),
(9, 'Abajour', 100),
(10, 'Pendente', 180),
(11, 'Shampoo', 90);

-- --------------------------------------------------------

--
-- Table structure for table `produto_categoria`
--

CREATE TABLE `produto_categoria` (
  `produto_id` int(11) NOT NULL,
  `categoria_id` int(11) NOT NULL
) ENGINE=InnoDB DEFAULT CHARSET=latin1;

--
-- Dumping data for table `produto_categoria`
--

INSERT INTO `produto_categoria` (`produto_id`, `categoria_id`) VALUES
(1, 1),
(1, 4),
(2, 1),
(2, 2),
(2, 4),
(3, 1),
(3, 4),
(4, 2),
(5, 3),
(6, 3),
(7, 4),
(8, 5),
(9, 6),
(10, 6),
(11, 7);

-- --------------------------------------------------------

--
-- Table structure for table `telefone`
--

CREATE TABLE `telefone` (
  `cliente_id` int(11) NOT NULL,
  `telefones` varchar(255) DEFAULT NULL
) ENGINE=InnoDB DEFAULT CHARSET=latin1;

--
-- Dumping data for table `telefone`
--

INSERT INTO `telefone` (`cliente_id`, `telefones`) VALUES
(1, '27363323'),
(1, '93838393');

--
-- Indexes for dumped tables
--

--
-- Indexes for table `categoria`
--
ALTER TABLE `categoria`
  ADD PRIMARY KEY (`id`);

--
-- Indexes for table `cidade`
--
ALTER TABLE `cidade`
  ADD PRIMARY KEY (`id`),
  ADD KEY `FKkworrwk40xj58kevvh3evi500` (`estado_id`);

--
-- Indexes for table `cliente`
--
ALTER TABLE `cliente`
  ADD PRIMARY KEY (`id`),
  ADD UNIQUE KEY `UK_cmxo70m08n43599l3h0h07cc6` (`email`);

--
-- Indexes for table `endereco`
--
ALTER TABLE `endereco`
  ADD PRIMARY KEY (`id`),
  ADD KEY `FK8b1kcb3wucapb8dejshyn5fsx` (`cidade_id`),
  ADD KEY `FK8s7ivtl4foyhrfam9xqom73n9` (`cliente_id`);

--
-- Indexes for table `estado`
--
ALTER TABLE `estado`
  ADD PRIMARY KEY (`id`);

--
-- Indexes for table `item_pedido`
--
ALTER TABLE `item_pedido`
  ADD PRIMARY KEY (`pedido_id`,`produto_id`),
  ADD KEY `FKtk55mn6d6bvl5h0no5uagi3sf` (`produto_id`);

--
-- Indexes for table `pagamento`
--
ALTER TABLE `pagamento`
  ADD PRIMARY KEY (`pedido_id`);

--
-- Indexes for table `pagamento_com_boleto`
--
ALTER TABLE `pagamento_com_boleto`
  ADD PRIMARY KEY (`pedido_id`);

--
-- Indexes for table `pagamento_com_cartao`
--
ALTER TABLE `pagamento_com_cartao`
  ADD PRIMARY KEY (`pedido_id`);

--
-- Indexes for table `pedido`
--
ALTER TABLE `pedido`
  ADD PRIMARY KEY (`id`),
  ADD KEY `FK30s8j2ktpay6of18lbyqn3632` (`cliente_id`),
  ADD KEY `FK1fihyy2fnocpuwc74674qmfkv` (`endereco_de_entrega_id`);

--
-- Indexes for table `produto`
--
ALTER TABLE `produto`
  ADD PRIMARY KEY (`id`);

--
-- Indexes for table `produto_categoria`
--
ALTER TABLE `produto_categoria`
  ADD KEY `FKq3g33tp7xk2juh53fbw6y4y57` (`categoria_id`),
  ADD KEY `FK1c0y58d3n6x3m6euv2j3h64vt` (`produto_id`);

--
-- Indexes for table `telefone`
--
ALTER TABLE `telefone`
  ADD KEY `FK8aafha0njkoyoe3kvrwsy3g8u` (`cliente_id`);

--
-- AUTO_INCREMENT for dumped tables
--

--
-- AUTO_INCREMENT for table `categoria`
--
ALTER TABLE `categoria`
  MODIFY `id` int(11) NOT NULL AUTO_INCREMENT, AUTO_INCREMENT=8;

--
-- AUTO_INCREMENT for table `cidade`
--
ALTER TABLE `cidade`
  MODIFY `id` int(11) NOT NULL AUTO_INCREMENT, AUTO_INCREMENT=4;

--
-- AUTO_INCREMENT for table `cliente`
--
ALTER TABLE `cliente`
  MODIFY `id` int(11) NOT NULL AUTO_INCREMENT, AUTO_INCREMENT=2;

--
-- AUTO_INCREMENT for table `endereco`
--
ALTER TABLE `endereco`
  MODIFY `id` int(11) NOT NULL AUTO_INCREMENT, AUTO_INCREMENT=3;

--
-- AUTO_INCREMENT for table `estado`
--
ALTER TABLE `estado`
  MODIFY `id` int(11) NOT NULL AUTO_INCREMENT, AUTO_INCREMENT=3;

--
-- AUTO_INCREMENT for table `pedido`
--
ALTER TABLE `pedido`
  MODIFY `id` int(11) NOT NULL AUTO_INCREMENT, AUTO_INCREMENT=4;

--
-- AUTO_INCREMENT for table `produto`
--
ALTER TABLE `produto`
  MODIFY `id` int(11) NOT NULL AUTO_INCREMENT, AUTO_INCREMENT=12;

--
-- Constraints for dumped tables
--

--
-- Constraints for table `cidade`
--
ALTER TABLE `cidade`
  ADD CONSTRAINT `FKkworrwk40xj58kevvh3evi500` FOREIGN KEY (`estado_id`) REFERENCES `estado` (`id`);

--
-- Constraints for table `endereco`
--
ALTER TABLE `endereco`
  ADD CONSTRAINT `FK8b1kcb3wucapb8dejshyn5fsx` FOREIGN KEY (`cidade_id`) REFERENCES `cidade` (`id`),
  ADD CONSTRAINT `FK8s7ivtl4foyhrfam9xqom73n9` FOREIGN KEY (`cliente_id`) REFERENCES `cliente` (`id`);

--
-- Constraints for table `item_pedido`
--
ALTER TABLE `item_pedido`
  ADD CONSTRAINT `FK60ym08cfoysa17wrn1swyiuda` FOREIGN KEY (`pedido_id`) REFERENCES `pedido` (`id`),
  ADD CONSTRAINT `FKtk55mn6d6bvl5h0no5uagi3sf` FOREIGN KEY (`produto_id`) REFERENCES `produto` (`id`);

--
-- Constraints for table `pagamento`
--
ALTER TABLE `pagamento`
  ADD CONSTRAINT `FKthad9tkw4188hb3qo1lm5ueb0` FOREIGN KEY (`pedido_id`) REFERENCES `pedido` (`id`);

--
-- Constraints for table `pagamento_com_boleto`
--
ALTER TABLE `pagamento_com_boleto`
  ADD CONSTRAINT `FKcr74vrxf8nfph0knq2bho8doo` FOREIGN KEY (`pedido_id`) REFERENCES `pagamento` (`pedido_id`);

--
-- Constraints for table `pagamento_com_cartao`
--
ALTER TABLE `pagamento_com_cartao`
  ADD CONSTRAINT `FKta3cdnuuxclwfh52t4qi432ow` FOREIGN KEY (`pedido_id`) REFERENCES `pagamento` (`pedido_id`);

--
-- Constraints for table `pedido`
--
ALTER TABLE `pedido`
  ADD CONSTRAINT `FK1fihyy2fnocpuwc74674qmfkv` FOREIGN KEY (`endereco_de_entrega_id`) REFERENCES `endereco` (`id`),
  ADD CONSTRAINT `FK30s8j2ktpay6of18lbyqn3632` FOREIGN KEY (`cliente_id`) REFERENCES `cliente` (`id`);

--
-- Constraints for table `produto_categoria`
--
ALTER TABLE `produto_categoria`
  ADD CONSTRAINT `FK1c0y58d3n6x3m6euv2j3h64vt` FOREIGN KEY (`produto_id`) REFERENCES `produto` (`id`),
  ADD CONSTRAINT `FKq3g33tp7xk2juh53fbw6y4y57` FOREIGN KEY (`categoria_id`) REFERENCES `categoria` (`id`);

--
-- Constraints for table `telefone`
--
ALTER TABLE `telefone`
  ADD CONSTRAINT `FK8aafha0njkoyoe3kvrwsy3g8u` FOREIGN KEY (`cliente_id`) REFERENCES `cliente` (`id`);
COMMIT;

/*!40101 SET CHARACTER_SET_CLIENT=@OLD_CHARACTER_SET_CLIENT */;
/*!40101 SET CHARACTER_SET_RESULTS=@OLD_CHARACTER_SET_RESULTS */;
/*!40101 SET COLLATION_CONNECTION=@OLD_COLLATION_CONNECTION */;
